{"train_loss": 0.04160023108124733, "valid_loss": 0.038682494312524796, "_timestamp": 1717613575.007168, "_runtime": 8.544665098190308, "_step": 99, "_wandb": {"runtime": 8}}