{"params": 9696, "losses": {"_type": "histogram", "values": [100, 0, 0, 0, 0, 0, 0, 0, 0, 0, 0, 0, 0, 0, 0, 0, 0, 0, 0, 0, 0, 0, 0, 0, 0, 0, 0, 9, 25, 24, 22, 20], "bins": [0.038682494312524796, 0.03878813982009888, 0.03889378532767296, 0.03899943083524704, 0.03910507261753082, 0.039210718125104904, 0.039316363632678986, 0.03942200914025307, 0.03952765464782715, 0.03963330015540123, 0.03973894193768501, 0.039844587445259094, 0.039950232952833176, 0.04005587846040726, 0.04016152396798134, 0.04026716947555542, 0.0403728112578392, 0.040478456765413284, 0.040584102272987366, 0.04068974778056145, 0.04079539328813553, 0.04090103879570961, 0.04100668430328369, 0.041112326085567474, 0.041217971593141556, 0.04132361710071564, 0.04142926260828972, 0.0415349081158638, 0.04164055362343788, 0.041746195405721664, 0.041851840913295746, 0.04195748642086983, 0.04206313192844391]}, "_timestamp": 1717612806.6192799, "_runtime": 10.530462980270386, "_step": 0, "_wandb": {"runtime": 9}}