{"train_losses": {"_type": "histogram", "values": [3, 4, 3, 3, 3, 4, 3, 4, 3, 3, 4, 3, 4, 3, 3, 3, 4, 3, 3, 3, 3, 3, 3, 3, 3, 3, 3, 2, 3, 3, 2, 3], "bins": [0.04160023108124733, 0.04161469638347626, 0.041629161685705185, 0.04164362698793411, 0.04165809229016304, 0.04167255759239197, 0.041687026619911194, 0.04170149192214012, 0.04171595722436905, 0.04173042252659798, 0.041744887828826904, 0.04175935313105583, 0.04177381843328476, 0.04178828373551369, 0.041802749037742615, 0.04181721433997154, 0.04183167964220047, 0.041846148669719696, 0.041860613971948624, 0.04187507927417755, 0.04188954457640648, 0.041904009878635406, 0.041918475180864334, 0.04193294048309326, 0.04194740578532219, 0.04196187108755112, 0.041976336389780045, 0.04199080541729927, 0.0420052707195282, 0.042019736021757126, 0.04203420132398605, 0.04204866662621498, 0.04206313192844391]}, "_timestamp": 1717613008.697525, "_runtime": 8.284253120422363, "_step": 1, "valid_losses": {"_type": "histogram", "values": [1, 0, 0, 1, 0, 1, 0, 10, 9, 5, 5, 5, 3, 3, 2, 3, 2, 3, 2, 3, 1, 3, 3, 2, 2, 3, 3, 3, 3, 3, 5, 11], "bins": [0.038682494312524796, 0.03868313133716583, 0.03868376836180687, 0.038684405386447906, 0.038685042411088943, 0.03868567943572998, 0.038686320185661316, 0.03868695721030235, 0.03868759423494339, 0.03868823125958443, 0.038688868284225464, 0.0386895053088665, 0.03869014233350754, 0.038690779358148575, 0.03869141638278961, 0.03869205340743065, 0.038692690432071686, 0.03869333118200302, 0.03869396820664406, 0.038694605231285095, 0.03869524225592613, 0.03869587928056717, 0.038696516305208206, 0.03869715332984924, 0.03869779035449028, 0.03869842737913132, 0.038699064403772354, 0.03869970515370369, 0.03870034217834473, 0.038700979202985764, 0.0387016162276268, 0.03870225325226784, 0.038702890276908875]}, "_wandb": {"runtime": 7}}