{"train_loss": 0.04160023108124733, "valid_loss": 0.038682494312524796, "epoch": 99, "_timestamp": 1717613202.529828, "_runtime": 2.1173009872436523, "_step": 99, "_wandb": {"runtime": 1}}