{"train_loss": 0.018924033269286156, "valid_loss": 0.20921207964420319, "_timestamp": 1717613689.549828, "_runtime": 85.70064115524292, "_step": 1999, "_wandb": {"runtime": 85}}