{"train_loss": 0.04160023108124733, "valid_loss": 0.038682494312524796, "epoch": 99, "_timestamp": 1717613511.863992, "_runtime": 8.712486982345581, "_step": 99, "_wandb": {"runtime": 8}}